Saazteec;28;Wanita;Produk A
Qayug;24;Wanita;Produk A
Nah;23;Wanita;Produk A
Axzab;24;Wanita;Produk A
Tepmuvapp;27;Wanita;Produk A
Tepmuvapp;27;Wanita;Produk A
Noshom;27;Wanita;Produk B
Noshom;27;Wanita;Produk B
Nah;23;Wanita;Produk B
Chinweuba;24;Wanita;Produk B
Tepmuvapp;27;Wanita;Produk B
Eniola;23;Wanita;Produk B
Axzab;24;Wanita;Produk B
Nah;23;Wanita;Produk B
Chinweuba;24;Wanita;Produk B
Noshom;27;Wanita;Produk B
Gnuci;22;Wanita;Produk B
Axzab;24;Wanita;Produk B
Axzab;24;Wanita;Produk B
Tepmuvapp;27;Wanita;Produk C
Nah;23;Wanita;Produk C
Saazteec;28;Wanita;Produk C
Qayug;24;Wanita;Produk C
Nah;23;Wanita;Produk C
Ezii;23;Wanita;Produk C
Kamau;27;Wanita;Produk C
Ezii;23;Wanita;Produk C
Noshom;27;Wanita;Produk C
Noshom;27;Wanita;Produk C
Noshom;27;Wanita;Produk C
Axzab;24;Wanita;Produk C
Saazteec;28;Wanita;Produk D
Tepmuvapp;27;Wanita;Produk D
Axzab;24;Wanita;Produk D
Chinweuba;24;Wanita;Produk D
Tepmuvapp;27;Wanita;Produk D
Ezii;23;Wanita;Produk D
Chinweuba;24;Wanita;Produk D
Nah;23;Wanita;Produk D
Tepmuvapp;27;Wanita;Produk D
Nah;23;Wanita;Produk D
Saazteec;28;Wanita;Produk D
Axzab;24;Wanita;Produk D
Ezii;23;Wanita;Produk D
Saazteec;28;Wanita;Produk D
Nah;23;Wanita;Produk D
Tepmuvapp;27;Wanita;Produk D
Gnuci;22;Wanita;Produk D
Qayug;24;Wanita;Produk D
Kamau;27;Wanita;Produk D
Nah;23;Wanita;Produk D
Gnuci;22;Wanita;Produk E
Noshom;27;Wanita;Produk E
Ezii;23;Wanita;Produk E
Tepmuvapp;27;Wanita;Produk E
Gnuci;22;Wanita;Produk E
Kamau;27;Wanita;Produk E
Noshom;27;Wanita;Produk E
Nah;23;Wanita;Produk E
Eniola;23;Wanita;Produk E
Saazteec;28;Wanita;Produk E
Nah;23;Wanita;Produk E
Qayug;24;Wanita;Produk E
Nah;23;Wanita;Produk E
Noshom;27;Wanita;Produk E
Nah;23;Wanita;Produk E
Tepmuvapp;27;Wanita;Produk E
Eniola;23;Wanita;Produk E
Ezii;23;Wanita;Produk E
Saazteec;28;Wanita;Produk E
Gnuci;22;Wanita;Produk F
Kamau;27;Wanita;Produk F
Axzab;24;Wanita;Produk F
Tepmuvapp;27;Wanita;Produk F
Chinweuba;24;Wanita;Produk F
Qayug;24;Wanita;Produk F
Axzab;24;Wanita;Produk F
Gnuci;22;Wanita;Produk F
Chinweuba;24;Wanita;Produk F
Axzab;24;Wanita;Produk G
Chinweuba;24;Wanita;Produk G
Tepmuvapp;27;Wanita;Produk G
Saazteec;28;Wanita;Produk G
Gnuci;22;Wanita;Produk G
Ezii;23;Wanita;Produk G
Qayug;24;Wanita;Produk G
Ezii;23;Wanita;Produk G
Axzab;24;Wanita;Produk G
Saazteec;28;Wanita;Produk G
Saazteec;28;Wanita;Produk G
